WC Asal,WC Kompatible
WC009,WC010
WC009,WC011
WC009,WC012
WC009,WC013
WC009,WC014
WC009,WC015
WC009,WC016
WC010,WC009
WC010,WC011
WC010,WC012
WC010,WC013
WC010,WC014
WC010,WC015
WC010,WC016
WC011,WC009
WC011,WC010
WC011,WC012
WC011,WC013
WC011,WC014
WC011,WC015
WC011,WC016
WC012,WC009
WC012,WC010
WC012,WC011
WC012,WC013
WC012,WC014
WC012,WC015
WC012,WC016
WC013,WC009
WC013,WC010
WC013,WC011
WC013,WC012
WC013,WC014
WC013,WC015
WC013,WC016
WC014,WC009
WC014,WC010
WC014,WC011
WC014,WC012
WC014,WC013
WC014,WC015
WC014,WC016
WC015,WC009
WC015,WC010
WC015,WC011
WC015,WC012
WC015,WC013
WC015,WC014
WC015,WC016
WC016,WC009
WC016,WC010
WC016,WC011
WC016,WC012
WC016,WC013
WC016,WC014
WC016,WC015
WC024,WC025
WC025,WC024
WC033,WC034
WC033,WC035
WC033,WC833
WC034,WC033
WC034,WC035
WC034,WC833
WC035,WC033
WC035,WC034
WC035,WC833
WC040,WC041
WC040,WC042
WC040,WC043
WC040,WC044
WC040,WC045
WC040,WC046
WC040,WC047
WC041,WC040
WC041,WC042
WC041,WC043
WC041,WC044
WC041,WC045
WC041,WC046
WC041,WC047
WC042,WC040
WC042,WC041
WC042,WC043
WC042,WC044
WC042,WC045
WC042,WC046
WC042,WC047
WC043,WC040
WC043,WC041
WC043,WC042
WC043,WC044
WC043,WC045
WC043,WC046
WC043,WC047
WC044,WC040
WC044,WC041
WC044,WC042
WC044,WC043
WC044,WC045
WC044,WC046
WC044,WC047
WC045,WC040
WC045,WC041
WC045,WC042
WC045,WC043
WC045,WC044
WC045,WC046
WC045,WC047
WC046,WC040
WC046,WC041
WC046,WC042
WC046,WC043
WC046,WC044
WC046,WC045
WC046,WC047
WC047,WC040
WC047,WC041
WC047,WC042
WC047,WC043
WC047,WC044
WC047,WC045
WC047,WC046
WC049,WC050
WC050,WC049
WC054,WC055
WC055,WC054
WC058,WC059
WC058,WC585
WC059,WC058
WC059,WC585
WC082,WC293
WC091,WC092
WC091,WC094
WC091,WC095
WC091,WC096
WC091,WC097
WC092,WC091
WC092,WC094
WC092,WC095
WC092,WC096
WC092,WC097
WC094,WC091
WC094,WC092
WC094,WC095
WC094,WC096
WC094,WC097
WC095,WC091
WC095,WC092
WC095,WC094
WC095,WC096
WC095,WC097
WC096,WC091
WC096,WC092
WC096,WC094
WC096,WC095
WC096,WC097
WC097,WC091
WC097,WC092
WC097,WC094
WC097,WC095
WC097,WC096
WC104,WC686
WC106,WC831
WC114,WC115
WC115,WC114
WC120,WC121
WC120,WC127
WC120,WC128
WC121,WC120
WC121,WC127
WC121,WC128
WC124,WC126
WC126,WC124
WC127,WC120
WC127,WC121
WC127,WC128
WC128,WC120
WC128,WC121
WC128,WC127
WC147,WC148
WC148,WC147
WC149,WC150
WC149,WC153
WC150,WC149
WC150,WC153
WC153,WC149
WC153,WC150
WC157,WC158
WC158,WC157
WC159,WC161
WC159,WC162
WC159,WC163
WC159,WC165
WC159,WC166
WC161,WC159
WC161,WC162
WC161,WC163
WC161,WC165
WC161,WC166
WC162,WC159
WC162,WC161
WC162,WC163
WC162,WC165
WC162,WC166
WC163,WC159
WC163,WC161
WC163,WC162
WC163,WC165
WC163,WC166
WC165,WC159
WC165,WC161
WC165,WC162
WC165,WC163
WC165,WC166
WC166,WC159
WC166,WC161
WC166,WC162
WC166,WC163
WC166,WC165
WC168,WC720
WC169,WC170
WC170,WC169
WC181,WC186
WC181,WC188
WC181,WC189
WC181,WC191
WC181,WC194
WC181,WC195
WC181,WC196
WC181,WC197
WC181,WC198
WC186,WC181
WC186,WC188
WC186,WC189
WC186,WC191
WC186,WC194
WC186,WC195
WC186,WC196
WC186,WC197
WC186,WC198
WC188,WC181
WC188,WC186
WC188,WC189
WC188,WC191
WC188,WC194
WC188,WC195
WC188,WC196
WC188,WC197
WC188,WC198
WC189,WC181
WC189,WC186
WC189,WC188
WC189,WC191
WC189,WC194
WC189,WC195
WC189,WC196
WC189,WC197
WC189,WC198
WC191,WC181
WC191,WC186
WC191,WC188
WC191,WC189
WC191,WC194
WC191,WC195
WC191,WC196
WC191,WC197
WC191,WC198
WC194,WC181
WC194,WC186
WC194,WC188
WC194,WC189
WC194,WC191
WC194,WC195
WC194,WC196
WC194,WC197
WC194,WC198
WC195,WC181
WC195,WC186
WC195,WC188
WC195,WC189
WC195,WC191
WC195,WC194
WC195,WC196
WC195,WC197
WC195,WC198
WC196,WC181
WC196,WC186
WC196,WC188
WC196,WC189
WC196,WC191
WC196,WC194
WC196,WC195
WC196,WC197
WC196,WC198
WC197,WC181
WC197,WC186
WC197,WC188
WC197,WC189
WC197,WC191
WC197,WC194
WC197,WC195
WC197,WC196
WC197,WC198
WC198,WC181
WC198,WC186
WC198,WC188
WC198,WC189
WC198,WC191
WC198,WC194
WC198,WC195
WC198,WC196
WC198,WC197
WC199,WC526
WC293,WC082
WC401,WC408
WC404,WC405
WC405,WC404
WC406,WC407
WC407,WC406
WC408,WC401
WC409,WC410
WC410,WC409
WC411,WC412
WC412,WC411
WC526,WC199
WC585,WC058
WC585,WC059
WC686,WC104
WC720,WC168
WC760,WC761
WC760,WC762
WC760,WC775
WC761,WC760
WC761,WC762
WC761,WC775
WC762,WC760
WC762,WC761
WC762,WC775
WC763,WC764
WC763,WC765
WC763,WC766
WC764,WC763
WC764,WC765
WC764,WC766
WC765,WC763
WC765,WC764
WC765,WC766
WC766,WC763
WC766,WC764
WC766,WC765
WC767,WC768
WC768,WC767
WC770,WC771
WC771,WC770
WC772,WC773
WC773,WC772
WC775,WC760
WC775,WC761
WC775,WC762
WC776,WC832
WC785,WC787
WC787,WC785
WC819,WC820
WC819,WC821
WC819,WC822
WC820,WC819
WC820,WC821
WC820,WC822
WC821,WC819
WC821,WC820
WC821,WC822
WC822,WC819
WC822,WC820
WC822,WC821
WC831,WC106
WC832,WC776
WC833,WC033
WC833,WC034
WC833,WC035
